attribute_index,attribute_name,attribute_family,eligible,observed_test,positives_test,negatives_test,native_target_ap_mean,aligned_source_ap_mean,unaligned_source_ap_mean,native_source_ap_mean,aligned_minus_native_target_ap
0,has_bill_shape::curved_(up_or_down),has_bill_shape,True,5670,119,5551,0.07993434423215244,0.13781189280841957,0.03201078393291191,0.16311817045538793,0.05787754857626713
1,has_bill_shape::dagger,has_bill_shape,True,5670,786,4884,0.5254275955554879,0.525678659537719,0.11309536100559119,0.5566879215731941,0.00025106398223107007
2,has_bill_shape::hooked,has_bill_shape,True,5670,95,5575,0.08906727199252476,0.10153713597676914,0.014839128252821774,0.10524930866601907,0.012469863984244378
3,has_bill_shape::needle,has_bill_shape,True,5670,149,5521,0.6237300631300955,0.6309674507351193,0.03295935426237166,0.665663515889903,0.007237387605023793
4,has_bill_shape::hooked_seabird,has_bill_shape,True,5670,373,5297,0.5546435524756331,0.5845086025116141,0.055544064833832785,0.5717418505190771,0.029865050035980945
5,has_bill_shape::spatulate,has_bill_shape,True,5670,224,5446,0.5473154092203231,0.5343605241783933,0.07052331449610433,0.5505709115146549,-0.012954885041929765
6,has_bill_shape::all-purpose,has_bill_shape,True,5670,2337,3333,0.6847496601877545,0.7089674525766804,0.3855990939007779,0.7195782051829699,0.02421779238892585
7,has_bill_shape::cone,has_bill_shape,True,5670,1468,4202,0.6742859566168213,0.7074331281670114,0.2490903997670908,0.7258424897793307,0.03314717155019009
8,has_bill_shape::specialized,has_bill_shape,True,5670,119,5551,0.31523132049988367,0.39777345508932765,0.02239789933972866,0.425046032978008,0.08254213458944398
9,has_wing_color::blue,has_wing_color,True,5349,296,5053,0.6212293422481949,0.6324157415900732,0.0326705537848993,0.6404750147979558,0.011186399341878261
10,has_wing_color::brown,has_wing_color,True,5349,1557,3792,0.6684807603012135,0.6599884794586554,0.2847447429953735,0.6674504601553937,-0.008492280842558153
11,has_wing_color::iridescent,has_wing_color,True,5349,112,5237,0.09335353939753907,0.10900468958100555,0.019619670152673678,0.11002347904131424,0.01565115018346648
12,has_wing_color::purple,has_wing_color,True,5349,26,5323,0.016146923363858905,0.011525271404120506,0.006499554884389423,0.011723879853623762,-0.004621651959738399
13,has_wing_color::rufous,has_wing_color,True,5349,69,5280,0.1588263083395737,0.13050532686282335,0.013547512723589778,0.11217406119331522,-0.028320981476750356
14,has_wing_color::grey,has_wing_color,True,5349,1768,3581,0.5739966397667262,0.5700868423321912,0.407382693587193,0.5927134433405238,-0.003909797434535012
15,has_wing_color::yellow,has_wing_color,True,5349,546,4803,0.5069315573004672,0.47224624187361525,0.0785244617363354,0.5248976579242011,-0.03468531542685199
16,has_wing_color::olive,has_wing_color,True,5349,210,5139,0.2699279631122651,0.26730156738969757,0.05387427991044946,0.27404189198592377,-0.0026263957225675094
17,has_wing_color::green,has_wing_color,True,5349,95,5254,0.26732461944875735,0.2202321322023811,0.01457524633018661,0.2346472835709789,-0.04709248724637624
18,has_wing_color::pink,has_wing_color,True,5349,25,5324,0.004905956182131595,0.006288227982431836,0.004306560658616493,0.008179082130970888,0.001382271800300241
19,has_wing_color::orange,has_wing_color,True,5349,144,5205,0.15095760990490725,0.15967871523748975,0.038570628938734,0.18862086237231498,0.008721105332582496
20,has_wing_color::black,has_wing_color,True,5349,2461,2888,0.7604339963551915,0.7564346170250371,0.4283863093931604,0.7722505945342737,-0.003999379330154373
21,has_wing_color::white,has_wing_color,True,5349,1510,3839,0.5811411228063266,0.6044832941855505,0.2766506387332558,0.6220207588721592,0.023342171379223897
22,has_wing_color::red,has_wing_color,True,5349,122,5227,0.33103325956193425,0.2939859639793959,0.04387446031208715,0.3413072632591415,-0.03704729558253833
23,has_wing_color::buff,has_wing_color,True,5349,1058,4291,0.5121040789594807,0.49177959729062043,0.2077178796775609,0.5217320928036194,-0.020324481668860306
24,has_upperparts_color::blue,has_upperparts_color,True,5050,301,4749,0.6542157123026722,0.6547690677683186,0.03527881939837272,0.658359534811687,0.0005533554656463879
25,has_upperparts_color::brown,has_upperparts_color,True,5050,1383,3667,0.6551812758730721,0.6491710373182565,0.2577997769684384,0.6549706274609788,-0.006010238554815528
26,has_upperparts_color::iridescent,has_upperparts_color,True,5050,149,4901,0.0977071002729723,0.09377709184388819,0.02620966048401579,0.1158248123001551,-0.003930008429084114
27,has_upperparts_color::purple,has_upperparts_color,True,5050,31,5019,0.016522300967340198,0.013455240733906082,0.0044511385791515205,0.01719512081780105,-0.0030670602334341157
28,has_upperparts_color::rufous,has_upperparts_color,True,5050,70,4980,0.15504062262398602,0.11428036048843113,0.015048865571561928,0.10773990475697806,-0.04076026213555489
29,has_upperparts_color::grey,has_upperparts_color,True,5050,1711,3339,0.5919477058329747,0.5868925704989694,0.40905438778551756,0.6066981807474136,-0.005055135334005367
30,has_upperparts_color::yellow,has_upperparts_color,True,5050,543,4507,0.5727239729355789,0.5630281238836579,0.0898723642126179,0.5940631280477986,-0.009695849051921002
31,has_upperparts_color::olive,has_upperparts_color,True,5050,223,4827,0.29405094817465666,0.2868833210123519,0.05750820970931112,0.2983729666393923,-0.007167627162304735
32,has_upperparts_color::green,has_upperparts_color,True,5050,108,4942,0.3363823374676277,0.27524532620040043,0.01968354720799629,0.3291977806411431,-0.06113701126722726
33,has_upperparts_color::pink,has_upperparts_color,False,5050,28,5022,,,,,
34,has_upperparts_color::orange,has_upperparts_color,True,5050,149,4901,0.16723758255676047,0.1874493963357316,0.038575813365644106,0.20609660084025322,0.020211813778971133
35,has_upperparts_color::black,has_upperparts_color,True,5050,2273,2777,0.7551153816597821,0.7465327225751613,0.4034396296145776,0.763494626095558,-0.008582659084620747
36,has_upperparts_color::white,has_upperparts_color,True,5050,1349,3701,0.5700159235370675,0.5901613885910831,0.29137107886293206,0.6089092129026336,0.0201454650540156
37,has_upperparts_color::red,has_upperparts_color,True,5050,126,4924,0.3693252509726242,0.36703643333255653,0.06596380875459726,0.39544285176167393,-0.002288817640067664
38,has_upperparts_color::buff,has_upperparts_color,True,5050,997,4053,0.5203480033544488,0.510848424254866,0.2146187759743839,0.5495082166481726,-0.009499579099582767
39,has_underparts_color::blue,has_underparts_color,True,5234,174,5060,0.5368263288756445,0.5373309426475444,0.026033512620928817,0.5566756825777821,0.00050461377189992
40,has_underparts_color::brown,has_underparts_color,True,5234,593,4641,0.3754864665352396,0.37742488159432214,0.11477924782170615,0.3860081307849328,0.0019384150590825433
41,has_underparts_color::iridescent,has_underparts_color,True,5234,92,5142,0.09182300853084184,0.11798237371283024,0.024728664502555783,0.11417721256314654,0.0261593651819884
42,has_underparts_color::purple,has_underparts_color,False,5234,24,5210,,,,,
43,has_underparts_color::rufous,has_underparts_color,True,5234,88,5146,0.15719839924982734,0.13965815044812513,0.024044162060564245,0.1458285171897558,-0.017540248801702213
44,has_underparts_color::grey,has_underparts_color,True,5234,1081,4153,0.4667696410397394,0.4635161778969672,0.21044280361097467,0.48870225055878463,-0.003253463142772195
45,has_underparts_color::yellow,has_underparts_color,True,5234,866,4368,0.853337979658636,0.8417734373945711,0.11031635550068955,0.8539217275591096,-0.011564542264064892
46,has_underparts_color::olive,has_underparts_color,True,5234,132,5102,0.26001692927927816,0.23763962411219083,0.028003206716836326,0.2731183888648766,-0.02237730516708733
47,has_underparts_color::green,has_underparts_color,True,5234,81,5153,0.16456303665633967,0.16627692408584616,0.015908371834072274,0.178671890320158,0.0017138874295064832
48,has_underparts_color::pink,has_underparts_color,True,5234,24,5210,0.011253974667878919,0.012878583394515457,0.0052691050833384625,0.016132671956826907,0.0016246087266365387
49,has_underparts_color::orange,has_underparts_color,True,5234,189,5045,0.30703959535435577,0.30266600195028187,0.034864151385186046,0.3131257678772567,-0.004373593404073894
50,has_underparts_color::black,has_underparts_color,True,5234,1024,4210,0.6729213043512178,0.6569031127891661,0.17902378201569663,0.6837893590523082,-0.016018191562051642
51,has_underparts_color::white,has_underparts_color,True,5234,2267,2967,0.7780706994700598,0.7716849037932836,0.4600508776030613,0.793523243057552,-0.006385795676776218
52,has_underparts_color::red,has_underparts_color,True,5234,211,5023,0.6784888256125841,0.6363894844168152,0.09729070066728068,0.6956238240529994,-0.04209934119576886
53,has_underparts_color::buff,has_underparts_color,True,5234,1053,4181,0.5382700065216837,0.5185402224664264,0.17689534474173124,0.5503174263203425,-0.01972978405525727
54,has_breast_pattern::solid,has_breast_pattern,True,5265,3154,2111,0.8030288130243086,0.8183985498922312,0.5827119099174249,0.8234189567539726,0.015369736867922534
55,has_breast_pattern::spotted,has_breast_pattern,True,5265,311,4954,0.29286507469953565,0.29834938031233393,0.04057939914186311,0.3038697037474908,0.005484305612798279
56,has_breast_pattern::striped,has_breast_pattern,True,5265,682,4583,0.4102092876396927,0.4122862346826185,0.10486468079049371,0.44044700583339474,0.0020769470429257697
57,has_breast_pattern::multi-colored,has_breast_pattern,True,5265,1118,4147,0.34014973822665096,0.35833838109718297,0.223217073135916,0.37666446674648296,0.018188642870532012
58,has_back_color::blue,has_back_color,True,4530,249,4281,0.6622482288918686,0.6272033670665936,0.03331947816295082,0.6382342230791104,-0.035044861825275
59,has_back_color::brown,has_back_color,True,4530,1105,3425,0.6281707254835116,0.6274191566814215,0.2344842517645688,0.626046942727583,-0.0007515688020901523
60,has_back_color::iridescent,has_back_color,True,4530,102,4428,0.09431734382095572,0.11205157123367085,0.01976698665315993,0.11662465593871559,0.01773422741271513
61,has_back_color::purple,has_back_color,True,4530,17,4513,0.009395361964477695,0.0069077424444912855,0.0031598998454884174,0.011570894665538421,-0.0024876195199864098
62,has_back_color::rufous,has_back_color,True,4530,57,4473,0.2312517276122962,0.1581084583085089,0.012677290645318185,0.14355929316556187,-0.07314326930378731
63,has_back_color::grey,has_back_color,True,4530,1427,3103,0.5900300405498902,0.5781309014324012,0.3538308133762029,0.6028552820925687,-0.011899139117488966
64,has_back_color::yellow,has_back_color,True,4530,422,4108,0.5684424972211615,0.5705760155520929,0.0771000487520507,0.6035187413771572,0.00213351833093145
65,has_back_color::olive,has_back_color,True,4530,196,4334,0.29317556660180444,0.2917466812985223,0.05781362260464431,0.3212433676610377,-0.0014288853032821125
66,has_back_color::green,has_back_color,True,4530,87,4443,0.30337188595313946,0.24048832318642882,0.019376310135507377,0.2956045005994232,-0.06288356276671064
67,has_back_color::pink,has_back_color,True,4530,20,4510,0.004735348094010712,0.006132654059841758,0.00463577021487439,0.0048816980905013185,0.001397305965831046
68,has_back_color::orange,has_back_color,True,4530,94,4436,0.12160024076486012,0.13197010617076632,0.025875022153258022,0.16971279539829748,0.010369865405906203
69,has_back_color::black,has_back_color,True,4530,1663,2867,0.7427372465870334,0.7383335238420116,0.34738322734193483,0.7561137871325372,-0.004403722745021876
70,has_back_color::white,has_back_color,True,4530,893,3637,0.5622489479866228,0.5615653475965873,0.25234423421162083,0.5696927573519844,-0.0006836003900355658
71,has_back_color::red,has_back_color,True,4530,103,4427,0.4279584947157985,0.4475880479859719,0.05975920287541583,0.46508046432390593,0.019629553270173405
72,has_back_color::buff,has_back_color,True,4530,841,3689,0.4686720118631832,0.4724779366118173,0.22451808753578648,0.4968756581855649,0.0038059247486341152
73,has_tail_shape::forked_tail,has_tail_shape,True,4586,198,4388,0.1626389285643906,0.16413097828255446,0.0498286055583107,0.20196405804151452,0.001492049718163857
74,has_tail_shape::rounded_tail,has_tail_shape,True,4586,652,3934,0.18513346643090675,0.19513013131563575,0.13958124941337566,0.1869882387190153,0.009996664884729
75,has_tail_shape::notched_tail,has_tail_shape,True,4586,1715,2871,0.4924413338670443,0.4783499936447563,0.40656410989281805,0.4863000267539702,-0.014091340222288029
76,has_tail_shape::fan-shaped_tail,has_tail_shape,True,4586,436,4150,0.18148584396786147,0.19217189092563972,0.09809585979954734,0.1988314559320244,0.01068604695777825
77,has_tail_shape::pointed_tail,has_tail_shape,True,4586,1048,3538,0.2859977842792639,0.27872644630726207,0.23857819348503523,0.2872701758239603,-0.007271337972001857
78,has_tail_shape::squared_tail,has_tail_shape,True,4586,537,4049,0.16190413544906085,0.1695745707550763,0.1150420713361457,0.16966771859571012,0.0076704353060154384
79,has_upper_tail_color::blue,has_upper_tail_color,True,3855,214,3641,0.6093168656035204,0.6033836365551772,0.032605326268228554,0.6197155512421478,-0.005933229048343147
80,has_upper_tail_color::brown,has_upper_tail_color,True,3855,828,3027,0.5711205178144789,0.5752187064710693,0.20842107153156583,0.5754085783983802,0.004098188656590396
81,has_upper_tail_color::iridescent,has_upper_tail_color,True,3855,63,3792,0.07763709081488632,0.0833697696421645,0.013950396714079915,0.09196212078356268,0.0057326788272781815
82,has_upper_tail_color::purple,has_upper_tail_color,False,3855,16,3839,,,,,
83,has_upper_tail_color::rufous,has_upper_tail_color,True,3855,40,3815,0.14065217065003124,0.09197540858071811,0.017567461733478215,0.1139598253152269,-0.04867676206931314
84,has_upper_tail_color::grey,has_upper_tail_color,True,3855,1070,2785,0.48510411160240297,0.4628337305481961,0.2992001236562033,0.48896403470127475,-0.022270381054206867
85,has_upper_tail_color::yellow,has_upper_tail_color,True,3855,258,3597,0.37247200503456007,0.37791323245861463,0.05357100380638937,0.43773835940906547,0.005441227424054562
86,has_upper_tail_color::olive,has_upper_tail_color,True,3855,131,3724,0.20596948288608669,0.2251810580268343,0.04441954179421307,0.24247426874461983,0.019211575140747617
87,has_upper_tail_color::green,has_upper_tail_color,True,3855,46,3809,0.18024277922479517,0.10439536849900517,0.011352142062037173,0.11526990807987951,-0.07584741072579
88,has_upper_tail_color::pink,has_upper_tail_color,True,3855,29,3826,0.008423525165923679,0.013542232238686034,0.010002195083977624,0.010755654902299006,0.005118707072762355
89,has_upper_tail_color::orange,has_upper_tail_color,True,3855,87,3768,0.11917087304072971,0.11231106689834051,0.032431860399727855,0.15333879629387942,-0.006859806142389194
90,has_upper_tail_color::black,has_upper_tail_color,True,3855,1480,2375,0.7190300148261128,0.7200534830487838,0.3615650614968814,0.7323581657745397,0.0010234682226709646
91,has_upper_tail_color::white,has_upper_tail_color,True,3855,730,3125,0.5329897101886562,0.5300009747753867,0.2558160529063441,0.548722518453897,-0.0029887354132694943
92,has_upper_tail_color::red,has_upper_tail_color,True,3855,83,3772,0.4369717994550964,0.4252209861364141,0.04711400277618418,0.47000434783405287,-0.011750813318682274
93,has_upper_tail_color::buff,has_upper_tail_color,True,3855,631,3224,0.4577111993536006,0.4412285335280581,0.1925951257697546,0.4704386278271578,-0.01648266582554253
94,has_head_pattern::spotted,has_head_pattern,True,5592,159,5433,0.17203399927603752,0.17735950132258546,0.028122827837746195,0.20058215131340534,0.005325502046547942
95,has_head_pattern::malar,has_head_pattern,True,5592,558,5034,0.15847644360968594,0.1592772283366642,0.12204446055435096,0.16697163881601912,0.0008007847269782542
96,has_head_pattern::crested,has_head_pattern,True,5592,227,5365,0.23899160110086615,0.33146001956539906,0.062236973964601296,0.3670110174925486,0.09246841846453291
97,has_head_pattern::masked,has_head_pattern,True,5592,252,5340,0.1207299876394202,0.1309905423226665,0.03791586837382924,0.15502815038054357,0.010260554683246298
98,has_head_pattern::unique_pattern,has_head_pattern,True,5592,185,5407,0.1051507046591221,0.09572154278000986,0.036934986608208195,0.10211421225350895,-0.009429161879112247
99,has_head_pattern::eyebrow,has_head_pattern,True,5592,708,4884,0.3764619356865856,0.40082385084368044,0.13220049632274916,0.4203865752969304,0.02436191515709485
100,has_head_pattern::eyering,has_head_pattern,True,5592,926,4666,0.2458764094288468,0.2686516137761282,0.19773528786311595,0.27229297140058906,0.022775204347281364
101,has_head_pattern::plain,has_head_pattern,True,5592,1537,4055,0.5707099269973261,0.6039503985109533,0.3087498554871358,0.6169091277337031,0.03324047151362719
102,has_head_pattern::eyeline,has_head_pattern,True,5592,670,4922,0.19129645314158533,0.21950200997675956,0.11999523553722724,0.24166119387311663,0.028205556835174228
103,has_head_pattern::striped,has_head_pattern,True,5592,392,5200,0.2374667442069724,0.273607206684952,0.06344238748336964,0.27071721962328954,0.036140462477979585
104,has_head_pattern::capped,has_head_pattern,True,5592,668,4924,0.263612039312736,0.289500410681446,0.13459490155015125,0.3045680879156374,0.025888371368709973
105,has_breast_color::blue,has_breast_color,True,5317,178,5139,0.599612263990823,0.5761390449507974,0.021129160410702008,0.5872193243071606,-0.02347321904002564
106,has_breast_color::brown,has_breast_color,True,5317,639,4678,0.39854754913356794,0.40101708681429954,0.12020502843056698,0.4190783105425414,0.002469537680731604
107,has_breast_color::iridescent,has_breast_color,True,5317,90,5227,0.12312290391385065,0.12792612623151564,0.019685093331532573,0.13336168006337715,0.004803222317664987
108,has_breast_color::purple,has_breast_color,False,5317,17,5300,,,,,
109,has_breast_color::rufous,has_breast_color,True,5317,77,5240,0.11137257983606756,0.10810430629562748,0.016627510844444228,0.1122936130748227,-0.0032682735404400837
110,has_breast_color::grey,has_breast_color,True,5317,1084,4233,0.4700262073056408,0.4678807591371726,0.2106376804164162,0.4907544194335509,-0.0021454481684682336
111,has_breast_color::yellow,has_breast_color,True,5317,794,4523,0.8419203977161459,0.8276626904500312,0.10323581489948727,0.8418444702275124,-0.01425770726611475
112,has_breast_color::olive,has_breast_color,True,5317,104,5213,0.2350572371272245,0.26403081547606544,0.026188198606839307,0.2895094928032576,0.028973578348840928
113,has_breast_color::green,has_breast_color,True,5317,63,5254,0.1485258608081905,0.13563677568973248,0.014671055118202245,0.1368786325356262,-0.012889085118458016
114,has_breast_color::pink,has_breast_color,True,5317,25,5292,0.019525698768632464,0.012977266548196215,0.004195332495216658,0.009915918878062922,-0.006548432220436249
115,has_breast_color::orange,has_breast_color,True,5317,170,5147,0.2379192545493634,0.24601184192736367,0.045487902291636455,0.266181974173021,0.008092587378000254
116,has_breast_color::black,has_breast_color,True,5317,1176,4141,0.6657868242397192,0.6656573815890611,0.22749623891819343,0.6895305670368388,-0.00012944265065817362
117,has_breast_color::white,has_breast_color,True,5317,2080,3237,0.7562109810737656,0.7602072040702971,0.4493719123918261,0.7727689444501508,0.003996222996531462
118,has_breast_color::red,has_breast_color,True,5317,233,5084,0.6941728859746468,0.6669742896570068,0.07997223278950051,0.7057975416522398,-0.02719859631763999
119,has_breast_color::buff,has_breast_color,True,5317,996,4321,0.530457184062622,0.4950078569825712,0.164415034280423,0.5339299136847031,-0.035449327080050774
120,has_throat_color::blue,has_throat_color,True,5522,182,5340,0.5670401458236446,0.5882388189788739,0.021282696502024794,0.6123068000892807,0.021198673155229275
121,has_throat_color::brown,has_throat_color,True,5522,476,5046,0.30280914531625214,0.3234928075675426,0.08493623957783272,0.3614373689490086,0.02068366225129048
122,has_throat_color::iridescent,has_throat_color,True,5522,88,5434,0.1390212406932742,0.1368081556864767,0.014460339878727413,0.14419914653389304,-0.0022130850067975105
123,has_throat_color::purple,has_throat_color,True,5522,28,5494,0.024705390688155075,0.015169973085615709,0.010591053256701854,0.018264697415483987,-0.009535417602539367
124,has_throat_color::rufous,has_throat_color,True,5522,74,5448,0.135719261302719,0.2276454120725419,0.012700998023833768,0.1675658248441509,0.09192615076982291
125,has_throat_color::grey,has_throat_color,True,5522,992,4530,0.42998322561588986,0.4337162902714079,0.16572681609917908,0.4630968717737174,0.003733064655518037
126,has_throat_color::yellow,has_throat_color,True,5522,653,4869,0.802881026563375,0.7737051927966843,0.09242213636034324,0.8147437820043836,-0.02917583376669075
127,has_throat_color::olive,has_throat_color,True,5522,88,5434,0.25256888589543547,0.20516983452050286,0.020855296078988925,0.2372411756710894,-0.04739905137493261
128,has_throat_color::green,has_throat_color,True,5522,60,5462,0.21767211476790632,0.2299965973746969,0.011784610119409334,0.23574913003374315,0.012324482606790588
129,has_throat_color::pink,has_throat_color,True,5522,26,5496,0.05574254774798652,0.03605595329672083,0.003827610336579212,0.04248759364249986,-0.019686594451265693
130,has_throat_color::orange,has_throat_color,True,5522,136,5386,0.1356269156678472,0.14977368074328712,0.030577048990759838,0.17088720795894236,0.01414676507543991
131,has_throat_color::black,has_throat_color,True,5522,1259,4263,0.7094076118879968,0.7321154838462477,0.23146044570472882,0.7536018691585966,0.022707871958250858
132,has_throat_color::white,has_throat_color,True,5522,2016,3506,0.755512498850662,0.765836061325157,0.441307291743574,0.7813345505428202,0.010323562474495063
133,has_throat_color::red,has_throat_color,True,5522,218,5304,0.611213699794673,0.608545289274984,0.03679962993187443,0.6429259771441072,-0.002668410519689024
134,has_throat_color::buff,has_throat_color,True,5522,796,4726,0.43823251297642984,0.4059210326284755,0.11899589915446014,0.4357811612890224,-0.032311480347954336
135,has_eye_color::blue,has_eye_color,True,5527,56,5471,0.1362453193301229,0.10697852960636874,0.011982816899569022,0.24304675892832384,-0.02926678972375417
136,has_eye_color::brown,has_eye_color,True,5527,200,5327,0.06212593340900657,0.06002178480236915,0.03202619454033065,0.0654026840788037,-0.002104148606637421
137,has_eye_color::purple,has_eye_color,False,5527,10,5517,,,,,
138,has_eye_color::rufous,has_eye_color,True,5527,67,5460,0.0379298438819584,0.04429526925309919,0.013125166704089752,0.05188430497278389,0.006365425371140793
139,has_eye_color::grey,has_eye_color,True,5527,101,5426,0.026322353115415004,0.02334310815418476,0.017578499397570994,0.029181936482022698,-0.0029792449612302437
140,has_eye_color::yellow,has_eye_color,True,5527,126,5401,0.08157661872607978,0.19248511373355978,0.024292125224017524,0.2631821736626983,0.11090849500748
141,has_eye_color::olive,has_eye_color,False,5527,17,5510,,,,,
142,has_eye_color::green,has_eye_color,False,5527,3,5524,,,,,
143,has_eye_color::pink,has_eye_color,False,5527,23,5504,,,,,
144,has_eye_color::orange,has_eye_color,True,5527,69,5458,0.10269003316832256,0.1261449141755239,0.013707821610650142,0.15452496484108005,0.023454881007201334
145,has_eye_color::black,has_eye_color,True,5527,4877,650,0.9321378059542506,0.9401080399401482,0.8801473724387548,0.9460806091261954,0.00797023398589769
146,has_eye_color::white,has_eye_color,True,5527,162,5365,0.18059164438076764,0.2941490954503615,0.03613014681840821,0.32553181643218376,0.11355745106959386
147,has_eye_color::red,has_eye_color,True,5527,132,5395,0.2943967130071905,0.33297431792642834,0.0251375876715993,0.39115769736743544,0.03857760491923784
148,has_eye_color::buff,has_eye_color,True,5527,89,5438,0.0260157975834107,0.022368707850165797,0.021602486675007394,0.025287769292986196,-0.0036470897332449015
149,has_bill_length::about_the_same_as_head,has_bill_length,True,5667,2119,3548,0.6936120280116387,0.7133868947404278,0.3361403379330472,0.729975768556886,0.019774866728789142
150,has_bill_length::longer_than_head,has_bill_length,True,5667,348,5319,0.504059023797718,0.5311545191318835,0.0731790649083109,0.5363909505238298,0.027095495334165443
151,has_bill_length::shorter_than_head,has_bill_length,True,5667,3247,2420,0.8761041852538076,0.8792863599277704,0.6009685235678212,0.8848247572862444,0.0031821746739627566
152,has_forehead_color::blue,has_forehead_color,True,5515,303,5212,0.6722720977873086,0.7016013232218616,0.03338588948126833,0.7007159121535247,0.029329225434553075
153,has_forehead_color::brown,has_forehead_color,True,5515,998,4517,0.5586360789706547,0.5564440998471818,0.17135646678238067,0.568347760218968,-0.002191979123472909
154,has_forehead_color::iridescent,has_forehead_color,True,5515,124,5391,0.1266239318746652,0.12588954931643553,0.01992599463502728,0.13105805127932035,-0.0007343825582296626
155,has_forehead_color::purple,has_forehead_color,True,5515,32,5483,0.026007425880796475,0.03412543133846134,0.005939885744385119,0.031166118502256625,0.008118005457664865
156,has_forehead_color::rufous,has_forehead_color,True,5515,88,5427,0.17587075524007767,0.22238444417494327,0.017280392935427415,0.23244837144086739,0.0465136889348656
157,has_forehead_color::grey,has_forehead_color,True,5515,1181,4334,0.4956035484635245,0.5097824257896677,0.21741660306590846,0.5253410912989401,0.014178877326143202
158,has_forehead_color::yellow,has_forehead_color,True,5515,483,5032,0.6121043684825404,0.5931718994919752,0.0675021170702236,0.7009885759913076,-0.01893246899056511
159,has_forehead_color::olive,has_forehead_color,True,5515,128,5387,0.21987125527290824,0.2178964169800392,0.02342496919125615,0.22250349558485455,-0.001974838292869041
160,has_forehead_color::green,has_forehead_color,True,5515,53,5462,0.18142520806747872,0.18746312785372427,0.012050665628432846,0.18955802812399497,0.006037919786245544
161,has_forehead_color::pink,has_forehead_color,False,5515,24,5491,,,,,
162,has_forehead_color::orange,has_forehead_color,True,5515,159,5356,0.1538751406783892,0.16420663213116407,0.03526970379404787,0.20923907421374946,0.010331491452774871
163,has_forehead_color::black,has_forehead_color,True,5515,1864,3651,0.7269017836270548,0.7462891130886391,0.3202963741143678,0.7634044936220462,0.01938732946158428
164,has_forehead_color::white,has_forehead_color,True,5515,807,4708,0.6352153908182927,0.6491846421189595,0.20670226224694868,0.6697923618864816,0.01396925130066684
165,has_forehead_color::red,has_forehead_color,True,5515,254,5261,0.6568236975697574,0.6561529669646908,0.041771114706987356,0.6998508316582317,-0.0006707306050666162
166,has_forehead_color::buff,has_forehead_color,True,5515,708,4807,0.3662996899042943,0.34170608807101516,0.11755920055499965,0.3769636012962924,-0.024593601833279133
167,has_under_tail_color::blue,has_under_tail_color,True,4343,203,4140,0.5662373000216563,0.5429085853657593,0.02783835247685028,0.5549016484659698,-0.02332871465589703
168,has_under_tail_color::brown,has_under_tail_color,True,4343,891,3452,0.51489998561063,0.5082884199192318,0.17875684285935206,0.5111281301220314,-0.006611565691398202
169,has_under_tail_color::iridescent,has_under_tail_color,True,4343,65,4278,0.06982290606529129,0.06508018562919594,0.01752135149372127,0.0619940029153659,-0.004742720436095346
170,has_under_tail_color::purple,has_under_tail_color,False,4343,18,4325,,,,,
171,has_under_tail_color::rufous,has_under_tail_color,True,4343,52,4291,0.13306929664411232,0.1058844730284781,0.011726433923769921,0.12031601933554736,-0.02718482361563422
172,has_under_tail_color::grey,has_under_tail_color,True,4343,1213,3130,0.4523861364871635,0.4459036883269766,0.3232376827733841,0.4620466078333993,-0.006482448160186949
173,has_under_tail_color::yellow,has_under_tail_color,True,4343,383,3960,0.44374159184539386,0.4080294566897368,0.07392555895733738,0.4785334899808622,-0.035712135155657077
174,has_under_tail_color::olive,has_under_tail_color,True,4343,125,4218,0.20156550539857698,0.20631795614606446,0.04251616025984076,0.23406453969975716,0.00475245074748748
175,has_under_tail_color::green,has_under_tail_color,True,4343,56,4287,0.11156266227330244,0.08055933744598558,0.011440718529408858,0.09419589996229259,-0.031003324827316867
176,has_under_tail_color::pink,has_under_tail_color,False,4343,23,4320,,,,,
177,has_under_tail_color::orange,has_under_tail_color,True,4343,109,4234,0.16002322714565642,0.13844923320129093,0.0541881981693868,0.17339093861682542,-0.021573993944365488
178,has_under_tail_color::black,has_under_tail_color,True,4343,1808,2535,0.7362922361515933,0.7253174561921203,0.3682234625209885,0.7359846155138642,-0.010974779959473047
179,has_under_tail_color::white,has_under_tail_color,True,4343,1034,3309,0.5712050784120067,0.5647174003951474,0.2847322919328389,0.5708718398757036,-0.006487678016859344
180,has_under_tail_color::red,has_under_tail_color,True,4343,83,4260,0.3740535235752744,0.36158560824170355,0.022845809308764564,0.3596284345920592,-0.012467915333570834
181,has_under_tail_color::buff,has_under_tail_color,True,4343,694,3649,0.4173604845645473,0.4243092258577847,0.1638299243408198,0.4365686160328547,0.006948741293237415
182,has_nape_color::blue,has_nape_color,True,5367,289,5078,0.6758103867275855,0.699753834062473,0.03412623808061982,0.6862219276479538,0.023943447334887513
183,has_nape_color::brown,has_nape_color,True,5367,1012,4355,0.5503985292209981,0.5412717450597434,0.16450856580319156,0.5394849628025455,-0.009126784161254675
184,has_nape_color::iridescent,has_nape_color,True,5367,119,5248,0.13143763491130106,0.12570431105820976,0.018954219494695775,0.133967194462452,-0.0057333238530913044
185,has_nape_color::purple,has_nape_color,True,5367,34,5333,0.06311759787864879,0.06434400583360098,0.005195711570106293,0.07263576912704853,0.0012264079549521856
186,has_nape_color::rufous,has_nape_color,True,5367,80,5287,0.17733491252721256,0.25041942262370326,0.01538541611641821,0.26551085099708527,0.0730845100964907
187,has_nape_color::grey,has_nape_color,True,5367,1427,3940,0.5807563308421109,0.5863445627638681,0.29890852544547525,0.5987050327129168,0.005588231921757281
188,has_nape_color::yellow,has_nape_color,True,5367,464,4903,0.675802554361735,0.6876880230363633,0.05546601326159606,0.7150768604906972,0.011885468674628363
189,has_nape_color::olive,has_nape_color,True,5367,183,5184,0.24659364121465419,0.2118356878535077,0.04004562428023772,0.2342884989310964,-0.03475795336114648
190,has_nape_color::green,has_nape_color,True,5367,80,5287,0.24849432579337827,0.2533420735955701,0.014904715612253861,0.19283857900003493,0.004847747802191826
191,has_nape_color::pink,has_nape_color,True,5367,33,5334,0.021064378643641784,0.028571408627154276,0.009614011841121099,0.02341398823887405,0.007507029983512492
192,has_nape_color::orange,has_nape_color,True,5367,126,5241,0.14076197390131084,0.1607502092588547,0.030307859454301773,0.15658830514076055,0.01998823535754385
193,has_nape_color::black,has_nape_color,True,5367,1507,3860,0.6924669099595429,0.7122731660245633,0.2532422669575314,0.7212684426812241,0.0198062560650204
194,has_nape_color::white,has_nape_color,True,5367,1274,4093,0.6433442532300672,0.659215213563656,0.33253157080147655,0.6710861746096245,0.015870960333588813
195,has_nape_color::red,has_nape_color,True,5367,199,5168,0.6098442640687607,0.6181784398804077,0.034631906343755216,0.644752637024048,0.008334175811646971
196,has_nape_color::buff,has_nape_color,True,5367,889,4478,0.45736394268038494,0.4388664363723486,0.144641380971455,0.4737662197943897,-0.018497506308036316
197,has_belly_color::blue,has_belly_color,True,5144,144,5000,0.5378999241540204,0.5450808270064165,0.023429411823756713,0.5486815972737393,0.007180902852396032
198,has_belly_color::brown,has_belly_color,True,5144,513,4631,0.36767398616240404,0.3662277464708451,0.0977378712432285,0.37901715983537815,-0.001446239691558937
199,has_belly_color::iridescent,has_belly_color,True,5144,81,5063,0.08806754236366901,0.10644839333866855,0.01581454235638538,0.10747409796268234,0.018380850974999544
200,has_belly_color::purple,has_belly_color,False,5144,19,5125,,,,,
201,has_belly_color::rufous,has_belly_color,True,5144,79,5065,0.15405075104792232,0.14161135470845504,0.026040811608726566,0.14677555293580208,-0.012439396339467279
202,has_belly_color::grey,has_belly_color,True,5144,996,4148,0.45854000690781627,0.4662155955980105,0.1902132248843306,0.4826457079761365,0.007675588690194246
203,has_belly_color::yellow,has_belly_color,True,5144,844,4300,0.8468363990691046,0.8233208481298574,0.10921960298349787,0.8388316636354375,-0.023515550939247176
204,has_belly_color::olive,has_belly_color,True,5144,117,5027,0.24617903474617883,0.25255664150865,0.02860428045157993,0.28170623840945563,0.00637760676247115
205,has_belly_color::green,has_belly_color,True,5144,68,5076,0.18699905725688631,0.16985049223579804,0.012191094040665627,0.18961020286161745,-0.017148565021088275
206,has_belly_color::pink,has_belly_color,True,5144,31,5113,0.009614037168107175,0.012046131683544185,0.008414834424743502,0.011816423618643166,0.00243209451543701
207,has_belly_color::orange,has_belly_color,True,5144,165,4979,0.25985273589669555,0.2738102233782362,0.05127063871020034,0.2756066038802964,0.013957487481540631
208,has_belly_color::black,has_belly_color,True,5144,852,4292,0.6923641562681537,0.6881465019896036,0.14301322997619192,0.7123840805509029,-0.0042176542785501425
209,has_belly_color::white,has_belly_color,True,5144,2167,2977,0.7687445742251636,0.7639539476217144,0.45363043164612493,0.7871791987132284,-0.0047906266034491995
210,has_belly_color::red,has_belly_color,True,5144,200,4944,0.651334492700206,0.6055634086449952,0.15381230566939127,0.663324377744208,-0.0457710840552108
211,has_belly_color::buff,has_belly_color,True,5144,948,4196,0.49985283168884925,0.4733960943429006,0.163777528389721,0.5169643991433575,-0.026456737345948667
212,has_wing_shape::rounded-wings,has_wing_shape,True,3830,1653,2177,0.503300637127877,0.5117531589014583,0.39826987963143823,0.5072469883215784,0.008452521773581356
213,has_wing_shape::pointed-wings,has_wing_shape,True,3830,1163,2667,0.36887281170866987,0.3645104988203165,0.31536316740265985,0.36779340844674846,-0.00436231288835337
214,has_wing_shape::broad-wings,has_wing_shape,True,3830,335,3495,0.1435737929525775,0.14858742713207596,0.07794576291458043,0.1403354556852713,0.005013634179498461
215,has_wing_shape::tapered-wings,has_wing_shape,True,3830,470,3360,0.17366878253445497,0.1711138055174059,0.11982151238514227,0.17874229389850588,-0.0025549770170490704
216,has_wing_shape::long-wings,has_wing_shape,True,3830,379,3451,0.3137675126072502,0.29320486313436817,0.11485437791779443,0.3050861596368123,-0.020562649472882055
217,has_size::large_(16_-_32_in),has_size,True,5794,208,5586,0.1744324554732544,0.15467553789227018,0.03913028293299635,0.16202786850405201,-0.019756917580984218
218,has_size::small_(5_-_9_in),has_size,True,5794,2958,2836,0.6569116280341878,0.6631454475281929,0.5553701951294288,0.6663387198533224,0.006233819494005144
219,has_size::very_large_(32_-_72_in),has_size,True,5794,96,5698,0.26258151426944526,0.30938474812593286,0.015336614753177557,0.32795093908415396,0.0468032338564876
220,has_size::medium_(9_-_16_in),has_size,True,5794,1148,4646,0.6358959898084734,0.660541499600338,0.22131085829019645,0.6639473477610808,0.02464550979186464
221,has_size::very_small_(3_-_5_in),has_size,True,5794,1384,4410,0.4597846668993748,0.4431972077765526,0.1879062179110646,0.450506640255253,-0.016587459122822223
222,has_shape::upright-perching_water-like,has_shape,True,5794,125,5669,0.11482354642815511,0.12194656696098558,0.03074074176146833,0.12510971372059018,0.007123020532830468
223,has_shape::chicken-like-marsh,has_shape,True,5794,95,5699,0.04224556030970893,0.049384351112740504,0.022844987692735998,0.05182548930845928,0.007138790803031578
224,has_shape::long-legged-like,has_shape,True,5794,64,5730,0.19612928228439191,0.19942040230112104,0.0131685347979346,0.24471704581063153,0.0032911200167291266
225,has_shape::duck-like,has_shape,True,5794,354,5440,0.6523342791538511,0.6451933293748924,0.08379343095905709,0.6643100646907631,-0.007140949778958738
226,has_shape::owl-like,has_shape,False,5794,26,5768,,,,,
227,has_shape::gull-like,has_shape,True,5794,404,5390,0.41281178799643553,0.4278088544178503,0.08556579941131226,0.4505048308639819,0.014997066421414795
228,has_shape::hummingbird-like,has_shape,True,5794,320,5474,0.3486813616899391,0.29568400022585173,0.04644823265383679,0.311341827590348,-0.052997361464087345
229,has_shape::pigeon-like,has_shape,True,5794,370,5424,0.10055589724195854,0.10563769317030718,0.06076491402287828,0.1126625324910745,0.005081795928348634
230,has_shape::tree-clinging-like,has_shape,True,5794,365,5429,0.4010391249079811,0.41847636291354756,0.06878647186147394,0.4294925618197637,0.017437238005566458
231,has_shape::hawk-like,has_shape,True,5794,189,5605,0.1400878533327194,0.14177990854444084,0.029365934497702233,0.14845692737213761,0.0016920552117214438
232,has_shape::sandpiper-like,has_shape,True,5794,312,5482,0.1073744606797703,0.12441672149461494,0.05143830563772528,0.12355988874008172,0.01704226081484464
233,has_shape::upland-ground-like,has_shape,True,5794,132,5662,0.040119839273972314,0.048714502284085644,0.02312124327050562,0.05367766084233337,0.00859466301011333
234,has_shape::swallow-like,has_shape,True,5794,211,5583,0.07809966856882876,0.07730379713042626,0.035768105878171544,0.08560103571533045,-0.0007958714384024984
235,has_shape::perching-like,has_shape,True,5794,2827,2967,0.7424715096427772,0.7326168936374751,0.49638567094674063,0.7571509253783872,-0.00985461600530213
236,has_back_pattern::solid,has_back_pattern,True,4520,2115,2405,0.686736247018491,0.6929465752987711,0.490389041200479,0.7048734191604183,0.00621032828028012
237,has_back_pattern::spotted,has_back_pattern,True,4520,356,4164,0.37658463456569147,0.3612501510990584,0.06375932596196894,0.37995896191609935,-0.015334483466633075
238,has_back_pattern::striped,has_back_pattern,True,4520,898,3622,0.430118395557925,0.4460937484397438,0.17843470292834623,0.46083042263324947,0.015975352881818783
239,has_back_pattern::multi-colored,has_back_pattern,True,4520,1151,3369,0.35573439380197713,0.36753197576492896,0.25343942126326235,0.36777585173936356,0.01179758196295183
240,has_tail_pattern::solid,has_tail_pattern,True,4405,2077,2328,0.6694969505174454,0.6881685842266488,0.4872480667330841,0.6966798464586862,0.01867163370920344
241,has_tail_pattern::spotted,has_tail_pattern,True,4405,263,4142,0.22067387586212797,0.24514739181678663,0.05676272735432295,0.2645505262976674,0.02447351595465866
242,has_tail_pattern::striped,has_tail_pattern,True,4405,708,3697,0.27255514194587616,0.29128808107552073,0.14941072024989416,0.30469454180094435,0.018732939129644577
243,has_tail_pattern::multi-colored,has_tail_pattern,True,4405,1357,3048,0.4015169973807488,0.42272545500814324,0.3009302406332583,0.4390293700186089,0.021208457627394428
244,has_belly_pattern::solid,has_belly_pattern,True,5105,3321,1784,0.8223897093255227,0.8278364329865442,0.6162963465543206,0.8324622577277939,0.005446723661021502
245,has_belly_pattern::spotted,has_belly_pattern,True,5105,298,4807,0.29582209209571275,0.2865784022173202,0.04018657870092297,0.30200506711922115,-0.009243689878392525
246,has_belly_pattern::striped,has_belly_pattern,True,5105,566,4539,0.3289973052133498,0.3365677839343316,0.0863780433710219,0.35808267509453734,0.007570478720981821
247,has_belly_pattern::multi-colored,has_belly_pattern,True,5105,920,4185,0.26907889541493596,0.28896002503490725,0.1829408089545531,0.3070418633610808,0.019881129619971294
248,has_primary_color::blue,has_primary_color,True,5794,367,5427,0.6488307604996811,0.642107554085177,0.03856911860664988,0.6567701149615873,-0.00672320641450419
249,has_primary_color::brown,has_primary_color,True,5794,1437,4357,0.629881376843888,0.6124446894343799,0.23253855283272618,0.6167860255637067,-0.0174366874095081
250,has_primary_color::iridescent,has_primary_color,True,5794,110,5684,0.0742376842536054,0.08209677746263462,0.017641639759342707,0.09325380599615132,0.007859093209029222
251,has_primary_color::purple,has_primary_color,True,5794,44,5750,0.021681687694696326,0.0176053428787642,0.007369684663556959,0.026380693147190958,-0.0040763448159321265
252,has_primary_color::rufous,has_primary_color,True,5794,107,5687,0.17015685428789826,0.18698024578353278,0.018682322566180735,0.15422827788087035,0.016823391495634527
253,has_primary_color::grey,has_primary_color,True,5794,1728,4066,0.5936288727463335,0.560124254249751,0.3440770410733025,0.581904282358227,-0.03350461849658248
254,has_primary_color::yellow,has_primary_color,True,5794,901,4893,0.8156884357478276,0.8015008522243253,0.11074791042209649,0.820683911827628,-0.014187583523502245
255,has_primary_color::olive,has_primary_color,True,5794,248,5546,0.3169156129011598,0.30246994981983,0.04871142513803299,0.3102536327238757,-0.01444566308132983
256,has_primary_color::green,has_primary_color,True,5794,107,5687,0.2746169579345416,0.2437945192098708,0.016544478354553954,0.25776627453203577,-0.030822438724670803
257,has_primary_color::pink,has_primary_color,True,5794,45,5749,0.015615773750407087,0.01680048477920193,0.008698785176750021,0.014469186329726741,0.001184711028794843
258,has_primary_color::orange,has_primary_color,True,5794,228,5566,0.25375503127679133,0.2556828195094045,0.06135615162677353,0.2637517432850973,0.0019277882326131923
259,has_primary_color::black,has_primary_color,True,5794,2060,3734,0.7384316108197637,0.7347770524212166,0.30437351520108,0.7433007772999066,-0.003654558398547114
260,has_primary_color::white,has_primary_color,True,5794,1680,4114,0.6723281639236041,0.6678662369097987,0.31630519984570027,0.6769467484565699,-0.004461927013805322
261,has_primary_color::red,has_primary_color,True,5794,232,5562,0.5906339459943563,0.5909295890663978,0.05371638292402697,0.6332993224255122,0.0002956430720415515
262,has_primary_color::buff,has_primary_color,True,5794,1109,4685,0.5134318741401991,0.47596653670611583,0.21901500216156813,0.5132737808933168,-0.03746533743408326
263,has_leg_color::blue,has_leg_color,True,4785,77,4708,0.10048625937396496,0.12800201898730657,0.015469603495981157,0.10469142874958921,0.0275157596133416
264,has_leg_color::brown,has_leg_color,True,4785,446,4339,0.16169670006487355,0.16391502451285966,0.10432893763450131,0.16929218830327422,0.002218324447986114
265,has_leg_color::iridescent,has_leg_color,True,4785,22,4763,0.004904555091747169,0.00621959630037892,0.006306911374120143,0.006875776922634158,0.001315041208631751
266,has_leg_color::purple,has_leg_color,True,4785,23,4762,0.005286797902943049,0.004636391295445096,0.004882466484393852,0.0050137610523367905,-0.0006504066074979531
267,has_leg_color::rufous,has_leg_color,True,4785,66,4719,0.04262393382028466,0.0641173894312155,0.02659346356219832,0.047033031818492374,0.021493455610930842
268,has_leg_color::grey,has_leg_color,True,4785,1467,3318,0.46475912179837425,0.48443172153435105,0.30904131340783086,0.5066082170087325,0.019672599735976792
269,has_leg_color::yellow,has_leg_color,True,4785,107,4678,0.07911194424188009,0.09709576645467462,0.024104509884328308,0.15566155074073534,0.01798382221279453
270,has_leg_color::olive,has_leg_color,False,4785,29,4756,,,,,
271,has_leg_color::green,has_leg_color,False,4785,7,4778,,,,,
272,has_leg_color::pink,has_leg_color,True,4785,147,4638,0.11376436363361493,0.11951496537150035,0.033747791756875464,0.11430743427837269,0.0057506017378854135
273,has_leg_color::orange,has_leg_color,True,4785,478,4307,0.2983023284007284,0.3341724854390483,0.1134977374726881,0.3592696203057651,0.035870157038319916
274,has_leg_color::black,has_leg_color,True,4785,1423,3362,0.5560849218645563,0.5866779720837199,0.3363960441669986,0.615161595325745,0.030593050219163587
275,has_leg_color::white,has_leg_color,True,4785,191,4594,0.07407149534777384,0.05734328493245357,0.038816806905788995,0.07817645745898194,-0.01672821041532027
276,has_leg_color::red,has_leg_color,True,4785,167,4618,0.24083747997187627,0.2879791038754572,0.04943574123778528,0.30153272435479117,0.047141623903580954
277,has_leg_color::buff,has_leg_color,True,4785,957,3828,0.37039235873298887,0.3929965649816069,0.1960509344211107,0.4119486316682205,0.02260420624861803
278,has_bill_color::blue,has_bill_color,True,5672,151,5521,0.21063297087607963,0.188589112798891,0.021702856105908237,0.17869027199300835,-0.022043858077188616
279,has_bill_color::brown,has_bill_color,True,5672,488,5184,0.22761757929457338,0.21206335625039935,0.09391877523398852,0.21943309718853463,-0.015554223044174031
280,has_bill_color::iridescent,has_bill_color,True,5672,53,5619,0.010765589466846099,0.011638770446855799,0.009659094124110475,0.012144963367728889,0.0008731809800096996
281,has_bill_color::purple,has_bill_color,False,5672,17,5655,,,,,
282,has_bill_color::rufous,has_bill_color,True,5672,81,5591,0.08250854570332097,0.11931065362434756,0.019827561066755695,0.11787856963093539,0.03680210792102659
283,has_bill_color::grey,has_bill_color,True,5672,1583,4089,0.40782384625874235,0.40166222747437663,0.3023650205803364,0.41389084049839475,-0.006161618784365719
284,has_bill_color::yellow,has_bill_color,True,5672,336,5336,0.3604779646400648,0.3878345795794677,0.048054051461797295,0.42782676684315196,0.02735661493940289
285,has_bill_color::olive,has_bill_color,True,5672,34,5638,0.015522731298385817,0.02048136713751842,0.013903703218211366,0.01925061104479597,0.004958635839132603
286,has_bill_color::green,has_bill_color,False,5672,14,5658,,,,,
287,has_bill_color::pink,has_bill_color,True,5672,53,5619,0.01894745967080594,0.02277903509150684,0.010926319769328136,0.021584042395382537,0.0038315754207009015
288,has_bill_color::orange,has_bill_color,True,5672,392,5280,0.28296723736233176,0.33116897318673794,0.06466768383858637,0.35111865535672737,0.04820173582440618
289,has_bill_color::black,has_bill_color,True,5672,2575,3097,0.7042004701059893,0.72478021576075,0.4189887114767087,0.7362672163897992,0.020579745654760728
290,has_bill_color::white,has_bill_color,True,5672,319,5353,0.10319901932899041,0.11729830767914233,0.054415486412284955,0.1337268002468108,0.014099288350151923
291,has_bill_color::red,has_bill_color,True,5672,202,5470,0.34418593418365834,0.3165538923450393,0.04424036506150836,0.3584973328297439,-0.02763204183861906
292,has_bill_color::buff,has_bill_color,True,5672,823,4849,0.34586469152044486,0.3750955260402279,0.13046810307382775,0.3803259155949402,0.029230834519783033
293,has_crown_color::blue,has_crown_color,True,5527,317,5210,0.7177819122889696,0.7207014948858281,0.03321112650000611,0.7184038092122685,0.0029195825968585387
294,has_crown_color::brown,has_crown_color,True,5527,1078,4449,0.5763997512003209,0.574192867193651,0.18931039311508496,0.5869287927456147,-0.002206884006669907
295,has_crown_color::iridescent,has_crown_color,True,5527,129,5398,0.10773921413927849,0.1237252009942766,0.018792453522992244,0.13197308861157064,0.015985986854998108
296,has_crown_color::purple,has_crown_color,True,5527,36,5491,0.038710171827773,0.027259894003197206,0.005953150988901424,0.05950514057177949,-0.011450277824575791
297,has_crown_color::rufous,has_crown_color,True,5527,97,5430,0.18291050589075922,0.2242148450844939,0.015236470614415996,0.22489546789193274,0.04130433919373469
298,has_crown_color::grey,has_crown_color,True,5527,1246,4281,0.52265188410769,0.5216483871472002,0.20967911927431748,0.5527055095559698,-0.001003496960489847
299,has_crown_color::yellow,has_crown_color,True,5527,407,5120,0.5491888587357593,0.5253124351051698,0.051666891660897475,0.6066839391804585,-0.023876423630589505
300,has_crown_color::olive,has_crown_color,True,5527,142,5385,0.24415255559523183,0.21151222356933114,0.026714884842673304,0.22064718308768433,-0.03264033202590069
301,has_crown_color::green,has_crown_color,True,5527,66,5461,0.2591820596995015,0.24089051788653962,0.011012594950227907,0.24015639203787145,-0.01829154181296186
302,has_crown_color::pink,has_crown_color,False,5527,36,5491,,,,,
303,has_crown_color::orange,has_crown_color,True,5527,153,5374,0.10472956302449907,0.10515369144329242,0.028999443745695012,0.13563371565141735,0.00042412841879335694
304,has_crown_color::black,has_crown_color,True,5527,1855,3672,0.7323408936364977,0.7526227025525309,0.3228908813492743,0.7669405428472403,0.02028180891603326
305,has_crown_color::white,has_crown_color,True,5527,712,4815,0.6124026257275552,0.6300720489073519,0.17953961784133213,0.6495624884479406,0.017669423179796695
306,has_crown_color::red,has_crown_color,True,5527,297,5230,0.7049586737589565,0.6771579426678789,0.0408067381757644,0.7238128180524249,-0.027800731091077613
307,has_crown_color::buff,has_crown_color,True,5527,718,4809,0.3764991430201117,0.3550491726329637,0.11192943253421954,0.4006471646318765,-0.02144997038714802
308,has_wing_pattern::solid,has_wing_pattern,True,5175,1650,3525,0.6064792824539393,0.627891623660118,0.3170129431103096,0.6448674285996245,0.02141234120617863
309,has_wing_pattern::spotted,has_wing_pattern,True,5175,430,4745,0.39406721598778777,0.3781486549528498,0.06499034092840705,0.40078603251277567,-0.01591856103493794
310,has_wing_pattern::striped,has_wing_pattern,True,5175,1303,3872,0.44235876900895,0.4641094242810141,0.23165902266494123,0.468201526953577,0.0217506552720641
311,has_wing_pattern::multi-colored,has_wing_pattern,True,5175,1792,3383,0.5011142326867919,0.5135984963074826,0.3295850647708969,0.537668948597547,0.012484263620690661
